[{"Begriff":"manger","Defintion":"essen","Anz_Richtig_Falsch":-3,"path1":null},{"Begriff":"courir","Defintion":"rennen","Anz_Richtig_Falsch":-3,"path1":null},{"Begriff":"écrire","Defintion":"schreiben","Anz_Richtig_Falsch":2,"path1":null},{"Begriff":"croire","Defintion":"glauben","Anz_Richtig_Falsch":1,"path1":null},{"Begriff":"venir","Defintion":"kommen","Anz_Richtig_Falsch":1,"path1":null},{"Begriff":"sauter","Defintion":"springen","Anz_Richtig_Falsch":5,"path1":null},{"Begriff":"montrer","Defintion":"steigen","Anz_Richtig_Falsch":0,"path1":null},{"Begriff":"arranger qc","Defintion":"arrangieren","Anz_Richtig_Falsch":3,"path1":null}]